category,question_original,question_variations,answer,keywords,intent,fallback_clarification,confidence_threshold;
"CreaCheck_Allgemein,Was ist CreaCheck?,""['Was ist CreaCheck?', 'Was ist das System?', 'Können Sie mir erklären, was CreaCheck?', 'Ich brauche Infos über was ist creacheck?', 'Was ist CreaCheck??', 'Hilfe bei: was ist creacheck?']"",""CreaCheck ist eine innovative Design- und Marketingautomatisierungslösung, die speziell für politische Kommunikation und Wahlkampfmaterial entwickelt wurde. Mit CreaCheck können Sie in wenigen Minuten professionelle Werbemittel erstellen, die zu 100% Ihrem Corporate Design entsprechen."",""['CreaCheck', 'Design', 'Marketing', 'Automatisierung']"",product_info,Möchten Sie mehr über die spezifischen Funktionen von CreaCheck erfahren oder haben Sie Fragen zur Bedienung?,0.8";
"CreaCheck_Allgemein,Wie funktioniert CreaCheck Business?,""['Wie funktioniert CreaCheck Business?', 'Wie funktioniert das System Business?', 'Wie funktioniert CreaCheck Business?', 'Ich brauche Infos über wie funktioniert creacheck business?', 'Wie funktioniert CreaCheck Business??', 'Hilfe bei: wie funktioniert creacheck business?']"",""CreaCheck Business bietet Ihnen ein komplettes White-Label-System mit unbegrenzten Nutzern, Kampagnen-Funktionen und automatisierter Texformatierung. Das System wird individuell mit Ihrem Corporate Design eingerichtet und ist sofort einsatzbereit."",""['CreaCheck Business', 'White-Label', 'Nutzer', 'Kampagnen']"",product_features,Interessieren Sie sich für die Business-Version oder die Enterprise-Lösung? Gerne erkläre ich Ihnen die Unterschiede.,0.8";
"CreaCheck_Allgemein,Was ist der Unterschied zwischen CreaCheck Business und Enterprise?,""['Was ist der Unterschied zwischen CreaCheck Business und Enterprise?', 'Was ist der Unterschied zwischen das System Business und Enterprise?', 'Können Sie mir erklären, was der Unterschied zwischen CreaCheck Business und Enterprise?', 'Ich brauche Infos über was ist der unterschied zwischen creacheck business und enterprise?', 'Was ist der Unterschied zwischen CreaCheck Business und Enterprise??', 'Hilfe bei: was ist der unterschied zwischen creacheck business und enterprise?']"",""CreaCheck Business richtet sich an kleinere Organisationen mit bis zu 5 Nutzern und 3 Design-Vorlagen. CreaCheck Enterprise bietet unbegrenzte Nutzer, beliebig viele Design-Vorlagen, Buchhaltungs-Optionen und Anbindungen an kaufmännische Systeme wie SAP."",""['Business', 'Enterprise', 'Unterschied', 'Funktionen']"",product_comparison,Welche Lösung passt besser zu Ihrer Organisation? Ich helfe gerne bei der Auswahl.,0.8";
"Wahlkampf_Material,Welche Wahlkampfmaterialien kann ich mit CreaCheck erstellen?,""['Welche Wahlkampfmaterialien kann ich mit CreaCheck erstellen?', 'Welche Wahlkampfmaterialien kann ich mit das System erstellen?', 'Welche Wahlkampfmaterialien kann ich mit CreaCheck erstellen?', 'Ich brauche Infos über welche wahlkampfmaterialien kann ich mit creacheck erstellen?', 'Welche Wahlkampfmaterialien kann ich mit CreaCheck erstellen??', 'Hilfe bei: welche wahlkampfmaterialien kann ich mit creacheck erstellen?']"",""Mit CreaCheck können Sie alle wichtigen Wahlkampfmaterialien erstellen: Plakate, Flyer, Broschüren, Social Media Posts, Visitenkarten, Roll-Ups, Landingpages, Websites und vieles mehr. Alle Materialien werden automatisch in Ihrem Corporate Design erstellt."",""['Wahlkampfmaterial', 'Plakate', 'Flyer', 'Social Media', 'Website']"",material_types,Für welches spezielle Material benötigen Sie Hilfe? Ich kann Ihnen den Erstellungsprozess Schritt für Schritt erklären.,0.8";
"Wahlkampf_Material,Wie erstelle ich ein Wahlplakat?,['Wie erstelle ich ein Wahlplakat?'],""Loggen Sie sich in CreaCheck ein, wählen Sie 'Plakat' aus der Vorlagenliste, passen Sie Text und Bilder an Ihre Bedürfnisse an. Das System sorgt automatisch für die Einhaltung Ihres Corporate Designs. Anschließend können Sie das Plakat als PDF herunterladen oder direkt drucken lassen."",""['Plakat', 'erstellen', 'Vorlage', 'Corporate Design']"",how_to_create,Haben Sie Probleme bei einem bestimmten Schritt der Plakaterstellung? Ich führe Sie gerne durch den Prozess.,0.8";
"Wahlkampf_Material,Kann ich Materialien für Social Media erstellen?,['Kann ich Materialien für Social Media erstellen?'],""Ja, CreaCheck bietet speziell optimierte Vorlagen für alle Social Media Kanäle: Facebook, Instagram, Twitter, LinkedIn und weitere. Die Posts werden automatisch in den richtigen Formaten und mit Ihrem Corporate Design erstellt."",""['Social Media', 'Facebook', 'Instagram', 'Twitter', 'Format']"",social_media,Für welche Social Media Plattform möchten Sie Content erstellen? Jede hat spezielle Anforderungen.,0.8";
"Technische_Hilfe,Wie logge ich mich in CreaCheck ein?,""['Wie logge ich mich in CreaCheck ein?', 'Wie logge ich mich in das System ein?', 'Wie logge ich mich in CreaCheck ein?', 'Ich brauche Infos über wie logge ich mich in creacheck ein?', 'Wie logge ich mich in CreaCheck ein??', 'Hilfe bei: wie logge ich mich in creacheck ein?']"",""Besuchen Sie Ihre individuelle CreaCheck-URL, die Sie bei der Einrichtung erhalten haben. Geben Sie Ihre Benutzerdaten ein. Falls Sie Ihre Zugangsdaten vergessen haben, nutzen Sie die 'Passwort vergessen' Funktion oder kontaktieren Sie den Support."",""['Login', 'Anmeldung', 'URL', 'Passwort']"",login_help,Haben Sie Probleme beim Login oder benötigen Sie Ihre Zugangsdaten? Ich kann Ihnen weiterhelfen.,0.8";
"Technische_Hilfe,Warum funktioniert mein Login nicht?,['Warum funktioniert mein Login nicht?'],Überprüfen Sie folgende Punkte: 1) Verwenden Sie die richtige URL? 2) Sind Benutzername und Passwort korrekt? 3) Ist Ihr Account noch aktiv? Bei anhaltenden Problemen wenden Sie sich an den Support oder nutzen Sie die Schulungsvideos unter https://creacheckonlineschulung.com/,""['Login Problem', 'Zugangsdaten', 'Support', 'Schulung']"",troubleshooting,Welche Fehlermeldung erhalten Sie genau? Mit dieser Information kann ich Ihnen gezielter helfen.,0.8";
"Technische_Hilfe,Wo finde ich Schulungsvideos?,['Wo finde ich Schulungsvideos?'],Die umfangreichen Schulungsvideos finden Sie unter https://creacheckonlineschulung.com/. Dort erklärt Geschäftsführer Alexander Weimer alle Aspekte der CreaCheck-Bedienung detailliert. Die Videos sind speziell für CDU-Mitglieder erstellt worden.,""['Schulung', 'Videos', 'Training', 'Alexander Weimer']"",training_resources,Suchen Sie nach einem bestimmten Thema in den Schulungsvideos? Ich kann Ihnen passende Abschnitte empfehlen.,0.8";
"Politische_Inhalte,Was sind die wichtigsten CDU-Positionen?,['Was sind die wichtigsten CDU-Positionen?'],""Die CDU steht für christlich-demokratische Werte, soziale Marktwirtschaft, Bürgernähe und Verlässlichkeit. Spezifische Positionen finden Sie in unserem aktuellen Wahlprogramm. Für detaillierte Informationen besuchen Sie die Schulungsvideos unter https://creacheckonlineschulung.com/"",""['CDU', 'Positionen', 'Wahlprogramm', 'Werte']"",political_content,Interessieren Sie sich für ein bestimmtes Politikfeld? Oder möchten Sie mehr über lokale CDU-Positionen erfahren?,0.8";
"Politische_Inhalte,Wie finde ich lokale CDU-Kandidaten?,['Wie finde ich lokale CDU-Kandidaten?'],Lokale CDU-Kandidaten finden Sie auf der jeweiligen Landesverband-Website oder über die CDU-Bundeswebsite. Nutzen Sie die Kandidatensuche nach Postleitzahl oder Wahlkreis. Weitere Informationen erhalten Sie in den Schulungsvideos.,""['Kandidaten', 'lokal', 'Wahlkreis', 'Landesverband']"",candidate_search,Suchen Sie nach Kandidaten für eine bestimmte Wahl oder einen spezifischen Wahlkreis? Geben Sie mir mehr Details.,0.8";
"Support_Kontakt,Wie erreiche ich den CreaCheck Support?,""['Wie erreiche ich den CreaCheck Support?', 'Wie erreiche ich den das System Support?', 'Wie erreiche ich den CreaCheck Support?', 'Ich brauche Infos über wie erreiche ich den creacheck support?', 'Wie erreiche ich den CreaCheck Support??', 'Hilfe bei: wie erreiche ich den creacheck support?']"",Den CreaCheck Support erreichen Sie über die Website www.creacheck.com. Für CDU-spezifische Fragen nutzen Sie zunächst die Schulungsvideos unter https://creacheckonlineschulung.com/. Bei technischen Problemen wenden Sie sich direkt an das CreaCheck-Team.,""['Support', 'Kontakt', 'Hilfe', 'CreaCheck Team']"",contact_support,Ist Ihr Problem technischer Natur oder benötigen Sie Hilfe bei der Bedienung? Je nach Problem kann ich Sie an die richtige Stelle weiterleiten.,0.8";
"Support_Kontakt,Gibt es Live-Schulungen?,['Gibt es Live-Schulungen?'],""Ja, CreaCheck bietet regelmäßig Live-Schulungen an, die von Geschäftsführer Alexander Weimer persönlich durchgeführt werden. Termine und Anmeldung finden Sie unter https://creacheckonlineschulung.com/. Die Schulungen sind speziell auf CDU-Mitglieder zugeschnitten."",""['Live-Schulung', 'Termin', 'Alexander Weimer', 'Anmeldung']"",live_training,Möchten Sie sich für eine Live-Schulung anmelden oder haben Sie Fragen zu den Schulungsinhalten?,0.8";
"CreaCheck_Allgemein,Welche Hauptmarktsegmente bedient CreaCheck allgemein?,[],""CreaCheck bedient zwei grundsätzliche Marktsegmente: CreaCheck Business für kleinere Unternehmen und CreaCheck Enterprise für größere Unternehmen. Die CDU-Lösung ist eine Enterprise-Anwendung, die auf die Bedürfnisse einer großen Organisation mit vielen Nutzern zugeschnitten ist."",""Marktsegmente, Business, Enterprise, CDU-Lösung"",product_info,Möchten Sie mehr über die Unterschiede zwischen Business und Enterprise erfahren?,0.8";
"CreaCheck_Allgemein,Warum sollten CDU-Kandidaten und -Verbände CreaCheck für den Wahlkampf nutzen?,[],""CreaCheck bietet CDU-Nutzern entscheidende Vorteile: Einheitliches Corporate Design, Hohe Flexibilität bei der Mediengestaltung, Einhaltung der Design-Richtlinien, Intuitive Bedienung und Zeitersparnis, Schnelle Erstellung von Medien, Reduzierung von Korrekturläufen, Kosteneffizienz, Vielseitigkeit der Medienproduktion, Bequeme Bestellung von Druckerzeugnissen."",""Vorteile, Wahlkampf, CDU, Corporate Design, Zeitersparnis, Kosteneffizienz"",product_benefits,Sind Sie an spezifischen Vorteilen für Ihre Kampagne interessiert?,0.8";
"CreaCheck_Allgemein,Ist das CDU-Wahlkampfportal auch nach dem Wahlkampf nutzbar?,[],""Ja, das Portal kann und sollte auch nach Abschluss des Wahlkampfes weiterhin genutzt werden. Es ermöglicht die Erstellung von Werbemitteln außerhalb eines Wahlkampfs sowie die Einsichtnahme in Bestellungen und Rechnungen."",""Portal, Nutzung, nach Wahlkampf, Bestellungen"",usage_after_campaign,Haben Sie Fragen zur weiteren Nutzung des Portals nach einem Wahlkampf?,0.8";
"CreaCheck_Allgemein,""Wenn ich die Abfolge der Seiten in einer Broschüre oder einem Faltblatt verändere, passt sich das Layout an?"",[],""Ja, CreaCheck nimmt diese Änderungen beim Verschieben von Seiten automatisch vor. Der User muss hierfür nichts unternehmen. Dies gilt z.B. für Beschnittränder oder wenn bei einem Faltblatt mit Wickelfalz Einklappseiten schmaler sind als äußere Seiten."",""Layout, Seitenänderung, Broschüre, Faltblatt, automatisch"",layout_adjustment,Haben Sie Probleme mit der automatischen Layoutanpassung?,0.8";
"CreaCheck_Allgemein,Welche Medienkombination wird für einen Kommunalwahlkampf empfohlen?,[],""Eine Kombination aus traditionellen und digitalen Medien: Soziale Medien (Facebook, Instagram, Twitter, LinkedIn), Webseite (Landingpage), E-Mail-Marketing (Newsletter), Lokalzeitungen/-zeitschriften, Flyer und Broschüren, Öffentliche Veranstaltungen/Haustürwahlkampf, Wahlplakate, Lokale Radio-/Fernsehsender, Online-Werbung, Podcasts/Blogs."",""Medienkombination, Kommunalwahlkampf, Soziale Medien, Flyer, Plakate, Website"",campaign_strategy_recommendation,Benötigen Sie Empfehlungen für spezifische Wahlkampfphasen oder Zielgruppen?,0.8";
"Registrierung_Benutzerkonto,Was kostet die Registrierung und Nutzung von CreaCheck für CDU-Mitglieder?,[],""Die Registrierung und Nutzung von CreaCheck innerhalb des CDU-Wahlkampfportal ist für sämtliche Mitglieder der CDU kostenfrei und wird von der Landesgeschäftsstelle finanziert. Lediglich bei der Bestellung von Druckprodukten entstehen eigene Kosten, die je nach Auflage und gewählter Bestelloption variieren. Die Erstellung von Social Media Inhalten und die Nutzung des spezialisierten Social Media Editor ist vollständig kostenlos und ihr erstellter Inhalt kann direkt heruntergeladen werden."",""Kosten, Registrierung, Nutzung, CDU-Mitglieder, kostenfrei, Druckprodukte, Social Media"",pricing_registration,Haben Sie Fragen zu den Kosten für Druckprodukte oder Social Media Inhalte?,0.8";
"Registrierung_Benutzerkonto,Wie kann ich mich für das CDU-Wahlkampfportal registrieren?,[],""Als Mitglied der CDU aus einem kooperierenden Landesverband haben Sie die Möglichkeit, sich eigenständig auf dem CDU-Wahlkampfportal zu registrieren. Klicken Sie dazu einfach auf """"Neu registrieren"""" auf der Login-Seite https://cdu-wahlkampf.de/de/signup. Geben Sie anschließend Ihre Stammdaten ein, und Sie erhalten einen Aktivierungslink per E-Mail an die angegebene Mailadresse über den Sie Ihre Registrierung abschließen und ihr Benutzerkonto aktivieren können."",""Registrierung, Portal, CDU-Mitglieder, Login-Seite, Aktivierungslink"",how_to_register,Benötigen Sie Hilfe beim Registrierungsprozess oder beim Erhalt des Aktivierungslinks?,0.8";
"Registrierung_Benutzerkonto,Ich hätte gerne einen Zugang für den Login.,[],""Für einen Zugang ist es notwendig, sich unter cdu-wahlkampf.de oder der spezifischen URL Ihres Landesverbandes zu registrieren. Alternativ können Sie den Link verwenden: https://cdu-wahlkampf.de/de/signup. Wir empfehlen Ihnen die kurzen Videos mit den wichtigsten Informationen rund um das Wahlkampfportal. hier können Sie alle Informationen zur Anwendung, den Möglichkeiten und den einzelnen Funktionen detailliert einsehen. Verwenden sie diesen Link: https://creacheckonlineschulung.com."",""Zugang, Login, Registrierung, URL, Schulungsvideos"",access_login_info,Benötigen Sie Unterstützung bei der Registrierung oder beim Zugriff auf die Schulungsvideos?,0.8";
"Registrierung_Benutzerkonto,""Ich habe keinen Registrierungslink erhalten, was kann ich tun?"",[],""Falls Sie keinen Aktivierungslink erhalten haben, empfehlen wir Ihnen, zunächst Ihren Spam-Ordner zu überprüfen. Sollte die E-Mail auch dort nicht auffindbar sein, nehmen Sie bitte Kontakt mit uns auf. Sie erreichen uns per E-Mail unter dialog@creacheck.com."",""Registrierungslink, keine E-Mail, Spam-Ordner, Support"",troubleshooting_registration_email,""Haben Sie Ihren Spam-Ordner überprüft? Wenn nicht, kontaktieren Sie bitte den Support per E-Mail."",0.8";
"Registrierung_Benutzerkonto,""Ich kann mich nicht registrieren, der Captcha """"Ich bin ein Mensch"""" öffnet sich nicht."",[],""Es gibt keinen allgemein bekannten Grund, weshalb das bei Ihnen nicht funktioniert. Vermutlich gibt es irgendeine individuelle Konfiguration bei Ihnen auf dem Gerät, die das Captcha-Modul verhindert. Wenn Sie nicht weiterkommen, kontaktieren Sie bitte unseren Support per E-Mail dialog@creacheck.com. Übermitteln Sie uns dazu bitte noch, ob Sie am Mac oder unter Windows arbeiten, welchen Browser Sie nutzen und Ihre Handynummer für einen eventuellen Videocall."",""Captcha, Registrierungsproblem, Ich bin ein Mensch, Support, Fehlfunktion"",troubleshooting_captcha,""Können Sie bitte Details zu Ihrem Betriebssystem, Browser und Ihren Kontaktdaten angeben, damit wir Ihnen besser helfen können?"",0.8";
"Registrierung_Benutzerkonto,""Ich bin bei CreaCheck angemeldet, aber habe leider keinen Zugriff auf die in den Schulungsvideos angegebenen Mediathekordnern & Funktionen meines CDU-Landesverbandes."",[],""Es kann sein, dass Sie zwar bei CreaCheck angemeldet sind, aber unter einem anderen Landesverband oder im System der Bundes-JU. Bitte melden Sie sich für den Zugriff auf die Vorlagen und Mediendatenbank Ihres CDU-Landesverbandes hier an: www.cdu-wahlkampf.de (oder die spezifische URL Ihres Landesverbandes). Trotz getrennter Software-Instanzen werden die Userdaten in einer zentralen Datenbank gespeichert. Da die Userzuordnung auf der E-Mail-Adresse basiert, ist die E-Mail-Adresse Ihres aktuellen Kontos bereits belegt und kann nicht noch einmal verwendet werden. Bitte verwenden Sie daher für das neue Konto eine andere E-Mail-Adresse."",""Zugriff, Mediathekordner, Funktionen, CDU-Landesverband, E-Mail-Adresse"",access_denied_media_library,""Haben Sie versucht, sich mit einer anderen E-Mail-Adresse neu zu registrieren?"",0.8";
"Registrierung_Benutzerkonto,""Was kann ich tun, wenn ich mein Passwort vergessen habe?"",[],""Falls Sie Ihr Passwort vergessen haben, können Sie auf der Login-Seite von https://cdu-wahlkampf.de/de/login den Button """"Passwort vergessen"""" verwenden. Alternativ steht Ihnen auch der direkte Link https://cdu-wahlkampf.de/de/forgotpassword zur Verfügung. In der Folge erhalten Sie eine E-Mail, über die Sie Ihr Passwort zurücksetzen bzw. neu festlegen können."",""Passwort vergessen, zurücksetzen, Login-Seite, E-Mail"",password_reset,Haben Sie Ihren Spam-Ordner nach der Passwort-Reset-E-Mail überprüft?,0.8";
"Registrierung_Benutzerkonto,Das Passwort wird nicht akzeptiert und bei Neu-Anforderung kommt keine Mail zum Zurücksetzen.,[],""Vermutlich gibt es in diesem Fall kein Kundenkonto im CreaCheck-System Ihres CDU-Landesverbandes unter dieser E-Mail-Adresse. Versuchen Sie einfach, sich unter www.cdu-wahlkampf.de (oder der spezifischen URL) komplett neu zu registrieren. Sollte dies nicht funktionieren, wenden Sie sich bitte an den CreaCheck-Support."",""Passwortproblem, keine E-Mail, Registrierung, Support"",troubleshooting_password_no_email,""Haben Sie bereits versucht, sich neu zu registrieren?"",0.8";
"Registrierung_Benutzerkonto,Wie kann ich mein Passwort ändern?,[],""Sie können das Passwort selbst über Profil > Passwort ändern > speichern, ändern."",""Passwort ändern, Profil"",change_password,""Benötigen Sie Hilfe beim Navigieren zu den Profileinstellungen, um Ihr Passwort zu ändern?"",0.8";
"Registrierung_Benutzerkonto,Welche Zahlungsmöglichkeiten gibt es?,[],""Die Bezahlung kann per Kreditkarte, PayPal oder auf Rechnung ab einem Mindestbestellwert von 250€ erfolgen. Die Zahlungsart kann im Check-Out ausgewählt werden."",""Zahlungsmöglichkeiten, Kreditkarte, PayPal, Rechnung"",payment_methods,Haben Sie Fragen zu spezifischen Zahlungsarten oder dem Bestellprozess?,0.8";
"Registrierung_Benutzerkonto,Wie kann ich Rechnungen einsehen und herunterladen?,[],Die Rechnungen können nach dem Login im Dashboard unter “letzte Rechnungen” eingesehen und heruntergeladen werden. Alternativ können Sie alle Rechnungen unter „Funktionen“ > Rechnungen einsehen.,""Rechnungen, einsehen, herunterladen, Dashboard"",view_invoices,Benötigen Sie Hilfe beim Navigieren zum Rechnungsbereich oder beim Download von Rechnungen?,0.8";
"Kampagnen_Werbemittel,Wozu dienen Kampagnen?,[],Kampagnen dienen zur Strukturierung der erstellen Werbemittel. Werbemittel können nur in Kampagnen erstellt werden.,""Kampagnen, Strukturierung, Werbemittel"",campaign_purpose,""Möchten Sie wissen, wie Sie eine Kampagne erstellen oder verwalten?"",0.8";
"Kampagnen_Werbemittel,Wie lege ich eine Kampagne an?,[],""Klicken Sie in der oberen Menüleiste auf “Kampagnen”, so gelangen Sie in die Kampagnenübersicht. Klicken Sie nun auf “neue Kampagne anlegen”, benennen Sie diese und passen Sie bei Bedarf den Herausgeber an."",""Kampagne anlegen, Menüleiste, Kampagnenübersicht"",how_to_create_campaign,""Haben Sie Schwierigkeiten, die Kampagnenübersicht zu finden oder die Kampagne zu benennen?"",0.8";
"Kampagnen_Werbemittel,Wie kann ich eine Kampagne umbenennen?,[],Gehen Sie auf die Kampagnenübersicht (Menüleiste Schaltfläche “Kampagnen”). Klicken Sie bei der entsprechenden auf “Kampagne verwalten”. Nun öffnet sich ein neues Fenster. Dort können Sie die Kampagne umbenennen.,""Kampagne umbenennen, Kampagnenübersicht, Kampagne verwalten"",how_to_rename_campaign,""Benötigen Sie Hilfe beim Zugriff auf die Funktion """"Kampagne verwalten""""?"",0.8";
"Kampagnen_Werbemittel,Wie lösche ich eine Kampagne?,[],""Gehen Sie auf die Kampagnenübersicht (Menüleiste Schaltfläche “Kampagnen”). Klicken Sie bei der entsprechenden Kampagne auf den rot hinterlegten Mülleimer, um die Kampagne zu löschen."",""Kampagne löschen, Mülleimer, Kampagnenübersicht"",how_to_delete_campaign,""Sind Sie sicher, dass Sie die Kampagne löschen möchten? Diese Aktion kann nicht rückgängig gemacht werden."",0.8";
"Kampagnen_Werbemittel,Wie erstelle ich ein Werbemittel?,[],""1. Erstellen oder öffnen Sie eine Kampagne. 2. Klicken Sie innerhalb der angelegten Kampagne auf “neues Werbemittel anlegen”. 3. Sie sehen verschiedene Kacheln mit verfügbaren Kategorien. Klicken Sie eine Kategorie an und wählen Sie das gewünschte Werbemittel aus. 4. Scrollen Sie ganz nach unten, benennen Sie das Werbemittel unter “Bezeichnung” und klicken Sie im Anschluss auf “neues Werbemittel anlegen”. Sie gelangen direkt in den Editor."",""Werbemittel erstellen, Kampagne, Kategorien, Editor"",how_to_create_material,Haben Sie Probleme bei der Auswahl der Kategorie oder dem Anlegen des Werbemittels?,0.8";
"Kampagnen_Werbemittel,Wie öffne/bearbeite ich ein bestehendes Werbemittel?,[],""Um ein bereits bestehendes Werbemittel zu öffnen, gehen Sie in die Kampagne und klicken Sie beim entsprechenden Werbemittel unten rechts auf das grün hinterlegte Feld “Editor starten”."",""Werbemittel öffnen, bearbeiten, Kampagne, Editor starten"",how_to_open_edit_material,""Können Sie das """"Editor starten"""" Feld nicht finden?"",0.8";
"Kampagnen_Werbemittel,""Wie bestelle ich ein Werbemittel, ohne den Editor zu starten?"",[],""Um ein Werbemittel zu bestellen, ohne in den Editor zu gehen, klicken Sie in der Übersicht (Kampagnenansicht) beim entsprechenden Werbemittel unten rechts auf “in den Warenkorb”."",""Werbemittel bestellen, ohne Editor, Warenkorb, Übersicht"",how_to_order_material_without_editor,Haben Sie das Werbemittel bereits in den Warenkorb gelegt?,0.8";
"Kampagnen_Werbemittel,Wie lösche ich ein Werbemittel?,[],""Um ein Werbemittel zu löschen, klicken Sie in der Übersicht beim entsprechenden Werbemittel oben links auf das Feld mit den drei Linien. Es öffnet sich ein Dropdown Menü. Dort erscheint nun auch die Option “Löschen”."",""Werbemittel löschen, Übersicht, Dropdown, Löschen"",how_to_delete_material,""Können Sie das Dropdown-Menü nicht öffnen, um die Löschoption zu finden?"",0.8";
"Kampagnen_Werbemittel,""Wie erzeuge ich eine Vorschau-PDF, ohne den Editor zu starten?"",[],""Um schnell eine Vorschau-PDF zu generieren, klicken Sie in der Übersicht beim entsprechenden Werbemittel oben links auf das Feld mit den drei Linien. Es öffnet sich ein Dropdown Menü. Dort erscheint nun auch die Option “Vorschau”."",""Vorschau-PDF, erzeugen, ohne Editor, Übersicht"",how_to_generate_preview_without_editor,""Haben Sie das Werbemittel bereits gespeichert, bevor Sie die Vorschau erstellen?"",0.8";
"Kampagnen_Werbemittel,Wie dupliziere ich ein Werbemittel?,[],Klicken Sie in der Übersicht beim entsprechenden Werbemittel oben links auf das Feld mit den drei Linien. Es öffnet sich ein Dropdown Menü. Dort erscheint nun auch die Option “Duplizieren”.,""Werbemittel duplizieren, Übersicht, Dropdown"",how_to_duplicate_material,Können Sie die Duplizieren-Option im Dropdown-Menü nicht finden?,0.8";
"Kampagnen_Werbemittel,Wie markiere ich ein Werbemittel und wozu dient das?,[],""Klicken Sie in der Übersicht beim entsprechenden Werbemittel oben links auf das Feld mit den drei Linien, wählen Sie “Werbemittel markieren”. Diese Funktion ermöglicht es, Werbemittel in der Kampagnenübersicht unter dem Reiter “Markierte Werbemittel” anzeigen zu lassen."",""Werbemittel markieren, Funktion, Kampagnenübersicht, Reiter"",how_to_mark_material,""Haben Sie versucht, auf das Feld mit den drei Linien zu klicken, um die Markierungsoption zu finden?"",0.8";
"Kampagnen_Werbemittel,Wie kann ich Werbemittel teilen (z.B. innerhalb eines CDU-Kreisverbandes)?,[],""Es besteht die Möglichkeit, die Werbemittel innerhalb eines Kreisverbandes untereinander zu teilen. Klicken Sie in der Übersicht beim entsprechenden Werbemittel oben rechts auf das Teilen-Symbol. Dort können Sie den entsprechenden Benutzer anwählen oder den Namen eintippen. Alle geteilten Werbemittel sind mit einem grün hinterlegten Teilen-Symbol markiert und in der Kategorie “geteilte Werbemittel” aufgeführt."",""Werbemittel teilen, CDU-Kreisverband, Teilen-Symbol, Benutzer"",how_to_share_material,""Stellen Sie sicher, dass Sie das Teilen-Symbol finden und den gewünschten Benutzer korrekt auswählen."",0.8";
"Kampagnen_Werbemittel,Gibt es die Möglichkeit eine Kampagne mit mehreren Usern zu bearbeiten?,[],""Das Teilen und gemeinsame Bearbeiten ist auf Werbemittel-Ebene umgesetzt. Wenn Sie ein Werbemittel anderen Nutzern zur Mitarbeit zur Verfügung stellen möchten, können Sie in der Kampagnenübersicht beim entsprechenden Werbemittel oben rechts auf den Teilen-Button klicken und gezielt Personen aus Ihrem Kreisverband einladen. Sie können festlegen, ob Eingeladene weitere Personen einladen dürfen."",""Kampagne bearbeiten, mehrere User, Teilen, Mitarbeit, Einladen"",collaboration_campaign_editing,""Haben Sie versucht, das Werbemittel über den Teilen-Button an andere Benutzer zu senden?"",0.8";
"Kampagnen_Werbemittel,Wo finde ich ein bestimmtes Produkt? Ich kann irgendwie nur „Social Media“ auswählen.,[],""Ich gehe davon aus, dass Sie gerade am Smartphone sind. Auf dem Smartphone werden nur Social-Media-Elemente zur Bearbeitung angeboten, weil das kleine Display für die allermeisten Drucksachen viel zu fehleranfällig ist. Bitte probieren Sie es über Tablet/Laptop. Wenn Sie die Sicherheitsfunktion umgehen möchten, können Sie im Smartphone-Browser von mobiler auf Desktop-Ansicht umstellen."",""Produkt finden, Social Media, Smartphone, Drucksachen, Desktop-Ansicht"",troubleshooting_product_selection,""Haben Sie versucht, das Portal von einem Tablet oder Laptop aus zu nutzen?"",0.8";
"Kampagnen_Werbemittel,""Ich würde gerne wissen, ab wann es die Vorlagen für die Kommunalwahl gibt?"",[],""Sie finden die gesuchten Vorlagen unter www.cdu-wahlkampf.de (oder der spezifischen URL Ihres Landesverbandes). Bitte melden Sie sich dazu dort an. Falls Ihre letzte Anmeldung länger zurückliegt, stellen Sie sicher, dass Sie im aktuellen Portal registriert sind. Sobald Sie eingeloggt sind, gehen Sie auf den Button """"Kampagnen"""", legen hier eine neue Kampagne an und klicken auf """"Neues Werbemittel anlegen"""". Für zusätzliche Unterstützung finden Sie hier hilfreiche Erklärvideos: https://creacheckonlineschulung.com."",""Vorlagen, Kommunalwahl, Anmeldung, Kampagnen, Erklärvideos"",template_availability_local_election,Haben Sie sich im Portal angemeldet und die Kampagnenübersicht aufgerufen?,0.8";
"Kampagnen_Werbemittel,Welche Werbemittel sind am besten geeignet für einen Wahlkampf?,[],""Für Ihren Wahlkampf bieten sich über CreaCheck besonders folgende Werbemittel an: Social Media Content, Wahlplakate, Flyer und Broschüren, Visitenkarten. Diese Medien können Sie direkt über das System bestellen und drucken lassen."",""Werbemittel, Wahlkampf, geeignet, Social Media, Plakate, Flyer"",recommended_materials_campaign,Benötigen Sie spezifische Empfehlungen für Ihre Zielgruppe oder Region?,0.8";
"Kampagnen_Werbemittel,""Nachdem ich mein Werbemittel geteilt habe, bekomme ich keine weiterführenden Schritte. Woran liegt das?"",[],""Bitte stellen Sie sicher, dass Sie nach Auswahl der Person, mit der Sie teilen möchten, den Prozess auch abschließen (z.B. durch Klick auf einen """"Speichern"""" oder """"Übernehmen"""" Button, falls vorhanden). Überprüfen Sie auch, ob die eingeladene Person die Einladung ggf. bestätigen muss oder ob die Berechtigungen korrekt gesetzt wurden. Bei anhaltenden Problemen kontaktieren Sie den Support."",""Werbemittel teilen, weiterführende Schritte, Speichern, Berechtigungen, Support"",troubleshooting_sharing_steps,""Haben Sie den Teilungsprozess mit einem """"Speichern"""" oder """"Übernehmen"""" Button abgeschlossen?"",0.8";
"Mediathek,Wozu dient die Mediathek und welchen Nutzen hat sie für CDU-Nutzer?,[],""Die Mediathek in CreaCheck ermöglicht das Hochladen und Verwalten von Bildern, wodurch diese jederzeit online verfügbar sind. In der Mediathek können Sie außerdem überprüfen, ob die Bilder die richtige Größe für Ihr ausgewähltes Werbemittel haben. CDU-Landesverbände stellen hier oft spezifische Bilder und Logos zur Verfügung."",""Mediathek, Nutzen, Bilder, Hochladen, Verwalten, Größe, CDU-Landesverbände"",mediatheque_purpose_benefits,""Möchten Sie wissen, wie Sie Bilder in die Mediathek hochladen oder verwalten?"",0.8";
"Mediathek,Wie lege ich Ordner in der Mediathek an?,[],In der Mediathek können Ordnerstrukturen angelegt werden. Per Klick auf “neuer Ordner” können neue Ordner angelegt und benannt werden. In den Ordnern selbst können auch Unterordner erstellt werden.,""Ordner anlegen, Mediathek, Ordnerstrukturen, Unterordner"",how_to_create_folders_mediatheque,""Haben Sie die Option """"neuer Ordner"""" in der Mediathek gefunden?"",0.8";
"Mediathek,Wie kann ich Ordner verschieben/sortieren/umbenennen/löschen?,[],""Verschieben: Per Klick auf das Scheren-Symbol ausschneiden und in einen anderen Ordner einfügen. Sortieren: Per Klick auf das Pfeil-Symbol die Maus gedrückt halten und den Ordner an die gewünschte Position bewegen. Umbenennen: Per Klick auf das Bleistift-Symbol öffnet sich ein Fenster, in dem die Bezeichnung angepasst werden kann. Löschen: Um einen Ordner zu löschen, klicken Sie unten rechts auf das Mülleimer-Symbol."",""Ordner verwalten, verschieben, sortieren, umbenennen, löschen, Mediathek"",how_to_manage_folders_mediatheque,""Haben Sie die Symbole (Schere, Bleistift, Mülleimer, Pfeil) für die Ordnerverwaltung gefunden?"",0.8";
"Mediathek,Wie lade ich Medien hoch?,[],""Um Bilder hochzuladen, klicken Sie unter “Medien” auf “Medien Hochladen”."",""Medien hochladen, Bilder, Medien"",how_to_upload_media,""Haben Sie die Schaltfläche """"Medien Hochladen"""" gefunden?"",0.8";
"Mediathek,Wie passe ich Metadaten von Bildern an?,[],""Um die Metadaten zu ändern, klicken Sie auf das Bleistift-Symbol. Im Bearbeitungsfenster können Sie dem Bild einen Titel geben, eine Beschreibung hinzufügen und das Copyright anpassen."",""Metadaten, Bilder anpassen, Titel, Beschreibung, Copyright"",how_to_edit_image_metadata,""Haben Sie das Bleistift-Symbol neben dem Bild gefunden, um die Metadaten zu bearbeiten?"",0.8";
"Mediathek,Wie kann ich Bilder verschieben/sortieren/löschen?,[],""Ähnlich wie bei Ordnern: Scheren-Symbol zum Verschieben, Pfeil-Symbol zum Sortieren, Mülleimer-Symbol zum Löschen."",""Bilder verwalten, verschieben, sortieren, löschen, Mediathek"",how_to_manage_images_mediatheque,""Finden Sie die Symbole (Schere, Pfeil, Mülleimer) für die Bildverwaltung?"",0.8";
"Editor_Funktionen,Wie erstelle ich eine Vorschau-PDF im Editor?,[],""Per Klick auf die Schaltfläche “Vorschau” wird eine Vorschau-PDF generiert. Diese dient lediglich zur Ansicht und ist nicht für den Druck geeignet. Wichtig: Nach Anpassungen erst speichern, damit Änderungen in der Vorschau sichtbar werden."",""Vorschau-PDF, Editor, Schaltfläche, speichern"",how_to_create_preview_in_editor,Haben Sie das Werbemittel vor der Vorschau-Erstellung gespeichert?,0.8";
"Editor_Funktionen,Wie speichere ich mein Werbemittel?,[],Das Sichern findet automatisch in einem Intervall von 5 Minuten statt. Per Klick auf “Speichern” kann auch manuell gespeichert werden.,""Werbemittel speichern, automatisch, manuell"",how_to_save_material,""Haben Sie versucht, manuell auf """"Speichern"""" zu klicken?"",0.8";
"Editor_Funktionen,""Was bewirkt """"Speichern unter""""?"",[],Über “Speichern unter” kann das Werbemittel in einer alternativen Kampagne abgespeichert werden.,""Speichern unter, alternative Kampagne"",save_as_function,Möchten Sie das Werbemittel in einer anderen Kampagne sichern?,0.8";
"Editor_Funktionen,Welche Einstellungen kann ich für ein Werbemittel vornehmen?,[],Unter “Einstellungen” kann das Werbemittel umbenannt werden. Bei einer Landingpage können Sie zusätzlich eine Inhaltsangabe erstellen und Keywords hinterlegen. Diese werden in den Metadaten der PDF hinterlegt.,""Einstellungen, Werbemittel, umbenennen, Landingpage, Keywords"",material_settings,Benötigen Sie Hilfe beim Umbenennen des Werbemittels oder beim Einstellen von Inhaltsangaben und Keywords?,0.8";
"Editor_Funktionen,Wie bestelle ich ein Werbemittel direkt aus dem Editor?,[],Im Editor können Sie über den Button “Bestellen” das Werbemittel in den Warenkorb legen.,""Werbemittel bestellen, Editor, Button, Warenkorb"",how_to_order_from_editor,""Haben Sie den """"Bestellen""""-Button im Editor gefunden?"",0.8";
"Editor_Funktionen,Wie kann ich Bearbeitungsschritte rückgängig machen?,[],""Klicken Sie auf den Button “Versionen”. Sie gelangen zur Timeline, in der Sie Arbeitsschritte einsehen und rückgängig machen können. Achtung: Rückgängig gemachte Schritte können nicht wiederhergestellt werden."",""Bearbeitungsschritte, rückgängig machen, Versionen, Timeline"",undo_editing_steps,""Haben Sie die Funktion """"Versionen"""" im Editor verwendet, um Schritte rückgängig zu machen?"",0.8";
"Editor_Funktionen,Welche Ansichtsoptionen gibt es im Editor (unten rechts)?,[],""Druckbogenansicht, Ansicht Sicherheitsabstand, Ansicht Struktur, Tutorial starten, Seite an Fenster/Breite/Höhe anpassen, Zoom."",""Ansichtsoptionen, Editor, Druckbogenansicht, Sicherheitsabstand, Struktur"",editor_view_options,""Möchten Sie mehr über eine spezifische Ansichtsoption erfahren, wie z.B. die Druckbogenansicht?"",0.8";
"Editor_Funktionen,Wo finde ich die Seitenübersicht und -anordnung?,[],""Am linken Rand einsehbar. Die Seitenanordnung ist am oberen linken Rand als Diagramm/Miniaturansicht dargestellt, darunter eine Ansicht mit Darstellung der verwendeten Elemente."",""Seitenübersicht, Seitenanordnung, linker Rand, Editor"",where_to_find_page_overview,Können Sie die Seitenübersicht am linken Rand des Editors sehen?,0.8";
"Editor_Funktionen,Wie ändere ich die Seitenanordnung (tausche Seiten)?,[],""Um die Seitenanordnung zu ändern, klicken Sie in der Seitenansicht neben der entsprechenden Seite auf den Pfeil (nach oben oder unten verschieben). Beachten Sie, dass Titel- und Rückseite festgelegt sind und nicht getauscht werden können."",""Seitenanordnung ändern, tauschen, Seitenansicht, Pfeil"",how_to_change_page_order,""Haben Sie versucht, die Pfeile neben der Seite zu verwenden, um die Anordnung zu ändern?"",0.8";
"Editor_Funktionen,Wie füge ich weitere Seiten hinzu? / Wie lösche ich 2 Seiten?,[],""Um Seiten hinzuzufügen oder zu entfernen, klicken Sie unter der entsprechenden Seite auf “+2“ oder “-2” bei Faltblättern, auf “+4” oder “-4” bei Broschüren. Die Anzahl ist vom Produkt und dessen Produktionsanforderungen abhängig."",""Seiten hinzufügen, Seiten löschen, Faltblätter, Broschüren"",how_to_add_remove_pages,""Haben Sie die Optionen """"+2/-2"""" oder """"+4/-4"""" unter der entsprechenden Seite gefunden?"",0.8";
"Editor_Funktionen,Kann ich eine komplette Seite aus einem Flyer in einen anderen Flyer kopieren?,[],Das direkte Kopieren einer kompletten Seite mit allen Elementen von einem Werbemittel in ein anderes ist in der Regel nicht als Ein-Klick-Funktion vorgesehen. Sie können jedoch einzelne gestaltete Elemente innerhalb eines Werbemittels kopieren. Für die Übertragung in ein anderes Werbemittel müssten Sie die Elemente im neuen Werbemittel manuell neu erstellen und Inhalte erneut einfügen oder das ursprüngliche Werbemittel duplizieren und anpassen.,""Seite kopieren, Flyer, Werbemittel, Elemente kopieren, duplizieren"",how_to_copy_page_between_materials,Sie können einzelne Elemente kopieren oder das Werbemittel duplizieren und dann anpassen.,0.8";
"Editor_Funktionen,""Wo finde ich Elemente, die ich ins Layout einfügen kann?"",[],""Auf der rechten Seite. Per Klick auf den Pfeil öffnet sich die Übersicht. Abhängig vom Werbemittel gibt es unterschiedliche Element-Überkategorien (z.B. Titelseite, Rückseite, Innenseiten) und Unterkategorien (Textblöcke, Bildelemente, ganzseitige Layouts)."",""Elemente, Layout einfügen, rechte Seite, Übersicht, Kategorien"",where_to_find_elements,""Haben Sie den Pfeil auf der rechten Seite angeklickt, um die Elementübersicht zu öffnen?"",0.8";
"Editor_Funktionen,Wieso kann ich keine Text- oder Bildblöcke einfügen? Diese sind nicht anklickbar.,[],""Es ist möglich, dass die Elemente, in die Sie einfügen möchten, fixiert sind (Schlosssymbol). Eine weitere Ursache könnte sein, dass nicht genügend Platz vorhanden ist. CreaCheck erkennt automatisch, welche Elemente reinklickbar sind";" Elemente, die aus Platzgründen oder nicht für diese Seite vorgesehen sind, werden ausgegraut. Bei Problemen Seite neu laden oder Support kontaktieren."",""Textblock, Bildblock, nicht anklickbar, fixiert, Schlosssymbol, Platzmangel"",troubleshooting_unclickable_elements,""Haben Sie überprüft, ob die Elemente fixiert sind (Schlosssymbol) oder ob genügend Platz vorhanden ist?"",0.8"
"Editor_Funktionen,Wie bearbeite ich Elemente im Layout?,[],""Jedes Element, welches bearbeitet werden darf, besitzt ein Bearbeitungsmenü unmittelbar daneben. Die Optionen sind von Art und Funktion des Elements abhängig."",""Elemente bearbeiten, Layout, Bearbeitungsmenü"",how_to_edit_elements,Haben Sie das Bearbeitungsmenü neben dem Element gefunden?,0.8";
"Editor_Funktionen,Was bedeutet ein Schloss-Symbol an einem Element?,[],Fixierte Elemente sind mit einem Schloss markiert und können nicht verschoben werden.,""Schloss-Symbol, fixierte Elemente, nicht verschiebbar"",meaning_of_lock_icon,""Haben Sie versucht, das fixierte Element zu verschieben, um zu sehen, ob es sich bewegt?"",0.8";
"Editor_Funktionen,Welche typischen Bearbeitungsoptionen gibt es für Elemente?,[],""Verschieben (Pfeile), Zurücksetzen (rotierende Pfeile), Filterfunktion (für Titelseiten), Verlinkung (URL/PDF), Kopieren (Seitensymbol), Löschen (Mülleimer), Vergrößern/Verkleinern, Einfärben (Farbeimer, z.B. Logos), Frei Verschiebbar (Pfeil-Kreuz), Farbeimer (Layoutwechsel Bild-/Textversion oder Farbwechsel)."",""Bearbeitungsoptionen, Elemente, Verschieben, Zurücksetzen, Verlinkung, Kopieren, Löschen"",typical_element_editing_options,""Benötigen Sie eine detailliertere Erklärung zu einer bestimmten Bearbeitungsoption wie """"Verlinkung"""" oder """"Filterfunktion""""?"",0.8";
"Editor_Funktionen,Wo finde ich Textformatierungsoptionen?,[],""Sobald Sie in das Textfeld klicken, erscheinen die Optionen, abhängig von den Vorgaben des Corporate Designs."",""Textformatierungsoptionen, Textfeld, Corporate Design"",where_to_find_text_formatting_options,""Haben Sie in das Textfeld geklickt, um die Formatierungsoptionen anzuzeigen?"",0.8";
"Editor_Funktionen,Wie formatiere ich Überschriften und Fließtexte?,[],Markieren Sie die Textstelle und klicken Sie in den Optionen auf “Absatz” oder “Überschrift”.,""Überschriften formatieren, Fließtexte, Absatz, Textstelle markieren"",how_to_format_headings_body_text,""Haben Sie die Textstelle markiert und dann """"Absatz"""" oder """"Überschrift"""" ausgewählt?"",0.8";
"Editor_Funktionen,Welche Schriftschnitte sind verfügbar?,[],""Je nach Vorgabe: Bold, Kursiv, Unterstreichen, Hoch-/Tiefgestellt."",""Schriftschnitte, Bold, Kursiv, Unterstreichen, Hoch-/Tiefgestellt"",available_font_styles,""Können Sie die gewünschte Formatierung nicht finden, wie z.B. Fett- oder Kursivdruck?"",0.8";
"Editor_Funktionen,Wie richte ich Text aus?,[],""Links-, rechtsbündig, zentriert, Blocksatz."",""Text ausrichten, linksbündig, rechtsbündig, zentriert, Blocksatz"",how_to_align_text,""Haben Sie die Ausrichtungsoptionen (links, zentriert, rechts, Blocksatz) in den Textformatierungsoptionen gefunden?"",0.8";
"Editor_Funktionen,Kann ich Schriftgrößen anpassen?,[],""In vordefinierten Schritten, abhängig von Werbemittel und Textart."",Schriftgröße anpassen,can_i_adjust_font_size,Sind die verfügbaren Schriftgrößen nicht ausreichend für Ihre Bedürfnisse?,0.8";
"Editor_Funktionen,Wie erstelle ich Listen?,[],Über die Listenfunktion (Bullet Points oder nummerierte Listen).,""Listen erstellen, Bullet Points, nummerierte Listen"",how_to_create_lists,Haben Sie die Listenfunktion (Aufzählungszeichen oder Nummerierung) in den Textformatierungsoptionen gefunden?,0.8";
"Editor_Funktionen,Kann ich die Schriftfarbe ändern?,[],""Ja, die Schriftfarben können geändert werden (Auswahl ist vordefiniert)."",Schriftfarbe ändern,can_i_change_font_color,Ist die gewünschte Schriftfarbe nicht in der vordefinierten Auswahl enthalten?,0.8";
"Editor_Funktionen,Wie erstelle ich Tabellen in Textfeldern?,[],""Per Klick auf das Tabellen-Symbol öffnet sich ein Feld mit Kacheln zur Festlegung von Zeilen/Spalten. Danach weitere Optionen verfügbar (Kopfspalten, Einfärben, Zellen verbinden etc.)."",""Tabellen erstellen, Textfelder, Tabellen-Symbol, Zeilen, Spalten"",how_to_create_tables_in_text_fields,""Haben Sie das Tabellen-Symbol gefunden, um mit der Erstellung zu beginnen?"",0.8";
"Editor_Funktionen,Wie füge ich Spalten/Zeilen in Tabellen hinzu/entferne sie?,[],Per Klick auf das Spalten-/Zeilen-Symbol öffnet sich das Dropdown Menü.,""Spalten hinzufügen, Zeilen hinzufügen, Spalten entfernen, Zeilen entfernen, Tabellen"",how_to_add_remove_columns_rows_in_tables,Haben Sie das Dropdown-Menü nach dem Klicken auf das Spalten-/Zeilen-Symbol geöffnet?,0.8";
"Editor_Funktionen,Wie verbinde/teile ich Zellen in Tabellen?,[],Per Klick auf das Zellen-Verbinden-Symbol öffnet sich das Dropdown Menü.,""Zellen verbinden, Zellen teilen, Tabellen"",how_to_merge_split_cells_in_tables,Haben Sie das Zellen-Verbinden-Symbol gefunden?,0.8";
"Editor_Funktionen,Wie ändere ich Zelleneigenschaften (z.B. Farbe)?,[],Per Klick auf das Zelleneigenschaften-Symbol öffnet sich ein Fenster zum Ein-/Entfärben.,""Zelleneigenschaften ändern, Farbe, Tabellen"",how_to_change_cell_properties,""Haben Sie das Zelleneigenschaften-Symbol angeklickt, um die Optionen zu sehen?"",0.8";
"Editor_Funktionen,""Bei einem sehr langen Namen, der in 3 Zeilen umbricht, ist der Kasten mit der dunkelblauen Text-Hintergrundfarbe rechts zu lang/groß. Was tun?"",[],""Diese Darstellung tritt auf, wenn der Name zu lang für eine Zeile ist und der Text automatisch umbricht. Das Problem lässt sich leicht lösen, indem Sie einen manuellen Umbruch mit der Return-Taste (=Enter-Taste) an der gewünschten Stelle im Namen einsetzen."",""langer Name, Textumbruch, Hintergrundfarbe, manueller Umbruch, Return-Taste"",troubleshooting_long_name_background,""Haben Sie versucht, einen manuellen Umbruch mit der Enter-Taste einzufügen?"",0.8";
"Editor_Funktionen,Wie füge ich Bilder in Bildelemente ein?,[],Klicken Sie auf das Bildelement. Unter “Bildupload” Datei vom Rechner wählen oder unter “Mediathek” Datei aus Ihrer Bild-Mediathek wählen.,""Bilder einfügen, Bildelemente, Bildupload, Mediathek"",how_to_insert_images_into_image_elements,""Haben Sie das Bildelement ausgewählt und die Optionen """"Bildupload"""" oder """"Mediathek"""" gefunden?"",0.8";
"Editor_Funktionen,Wie passe ich den Bildausschnitt an?,[],""Nach Auswahl erscheint Bild im Bearbeitungsfenster. Bildausschnitt als blauer Rahmen, Bereiche außerhalb abgedunkelt. Rahmen schieben, vergrößern/verkleinern (Click & Hold)."",""Bildausschnitt anpassen, Bearbeitungsfenster, blauer Rahmen, schieben, vergrößern, verkleinern"",how_to_adjust_image_crop,""Haben Sie versucht, den blauen Rahmen zu schieben oder die Größe anzupassen?"",0.8";
"Editor_Funktionen,Wie zoome ich den Bildausschnitt?,[],Unter dem Bild im Bearbeitungsmenü befindet sich eine Leiste mit einem Regler.,""Bildzoom, Bildbearbeitung, Regler"",how_to_zoom_image_crop,Haben Sie den Regler im Bearbeitungsmenü unter dem Bild gefunden?,0.8";
"Editor_Funktionen,Wie drehe/spiegele ich ein Bild?,[],Unter dem Bild im Bearbeitungsmenü befinden sich halbrunde (Drehen) bzw. horizontale (Spiegeln) Pfeil-Symbole.,""Bild drehen, Bild spiegeln, Pfeil-Symbole"",how_to_rotate_flip_image,Haben Sie die Dreh- und Spiegel-Symbole im Bearbeitungsmenü gefunden?,0.8";
"Editor_Funktionen,Wie bearbeite ich bereits eingefügte Bilder nachträglich?,[],""Auf Bild klicken, Reiter “Bildupload” wählen. Dort neu zuschneiden, Beschreibung hinzufügen oder neues Bild hochladen."",""Bilder nachträglich bearbeiten, Bildupload, zuschneiden, Beschreibung"",how_to_edit_inserted_images_later,""Haben Sie das Bild erneut ausgewählt und den Reiter """"Bildupload"""" aufgerufen?"",0.8";
"Editor_Funktionen,Wo sehe ich alle im Werbemittel verwendeten Bilder?,[],Unter dem Reiter “Verwendete Bilder”.,""verwendete Bilder, Reiter"",where_to_see_all_used_images,""Haben Sie den Reiter """"Verwendete Bilder"""" im Editor gefunden?"",0.8";
"Editor_Funktionen,Wie erstelle ich mehrspaltige Layouts?,[],""Mit Spalten-Containern, je nach Vorgabe mit unterschiedlicher Spaltenanzahl. Bild- und Textelemente können eingefügt werden. Container lassen sich überall im Satzspiegel einfügen. Einklickbare Elemente sind optisch hervorgehoben."",""mehrspaltige Layouts, Spalten-Container, Satzspiegel"",how_to_create_multicolumn_layouts,""Haben Sie die Option """"Spalten-Container"""" in der Elementübersicht gefunden?"",0.8";
"Editor_Funktionen,Was sind spezifische Container-Elemente?,[],""Für komplexere Layouts. Besitzen eigene Unterkategorie in Inhaltsübersicht, zugehörige Elemente ebenfalls dort."",""spezifische Container-Elemente, komplexe Layouts, Inhaltsübersicht"",what_are_specific_container_elements,Suchen Sie nach Containern für spezielle Layout-Anforderungen?,0.8";
"Editor_Funktionen,Wie bearbeite ich Spalten-Container und deren Inhalt?,[],""Sobald Container eingeklickt, kann er befüllt werden. Aktiver Bearbeitungsmodus: Ebenen-Symbol mit “-” in Bearbeitungsleiste. Zum Verlassen klicken (wird zu “+”). Elemente im Container über deren Bearbeitungsleiste bearbeiten."",""Spalten-Container bearbeiten, Inhalt, Ebenen-Symbol, Bearbeitungsleiste"",how_to_edit_column_containers_and_content,""Haben Sie den Container angeklickt, um ihn zu bearbeiten und die Elemente darin zu befüllen?"",0.8";
"Editor_Funktionen,Wie generiere und definiere ich einen QR-Code?,[],""Per Klick ins Layout einfügen. Auf QR-Code klicken, um URL, Visitenkarte, E-Mail oder Text zu hinterlegen. Farbe anpassen (Reiter “Farbe” für Hintergrund- und Codefarbe)."",""QR-Code generieren, definieren, URL, Visitenkarte, E-Mail, Text, Farbe"",how_to_generate_define_qr_code,""Haben Sie den QR-Code ins Layout eingefügt und auf ihn geklickt, um ihn zu definieren?"",0.8";
"Editor_Funktionen,Wie füge ich Icons ein?,[],""Ob und welche Icons verfügbar sind, wird mit dem Kunden (hier CDU) besprochen. Über Textformatierung: Nur in dafür vorgesehenen Textfeldern. Auf Icon-Symbol in Textformatierungsoptionen klicken. Über Bildupload: Nur vorgesehene Icons, als PNG mit transparentem Hintergrund."",""Icons einfügen, verfügbare Icons, Textformatierung, Bildupload, PNG"",how_to_insert_icons,""Haben Sie überprüft, ob Icons über Textformatierung oder Bildupload verfügbar sind?"",0.8";
"Editor_Funktionen,Wie exportiere ich Social Media Posts/Storybilder?,[],Erstellte Social Media Postings/Storybilder sind kostenlos. Layout vorab speichern. In Menüleiste auf “Bild exportieren”. Im Downloadfenster “Download” bestätigen.,""Social Media Export, Postings, Storybilder, kostenlos, Bild exportieren"",how_to_export_social_media_content,""Haben Sie das Layout gespeichert und die Option """"Bild exportieren"""" in der Menüleiste gefunden?"",0.8";
"Landingpages,Welche allgemeinen Einstellungen gibt es für Landingpages?,[],""Unter “Einstellungen”: Name ändern, Inhaltsangabe & Keywords hinterlegen, Analyse-Tools (Google-Analytics, LinkedIn Insight Tag, Tracking Pixel) einbinden, E-Mail für Kontaktformular festlegen, Impressum und Datenschutz ausfüllen."",""Landingpage Einstellungen, Name, Keywords, Analyse-Tools, Kontaktformular, Impressum, Datenschutz"",landingpage_general_settings,""Haben Sie die Einstellungen für Name, Analyse-Tools und Kontaktformulardaten vorgenommen?"",0.8";
"Landingpages,Wie kann ich meine Landingpage aktualisieren?,[],""Kampagne besuchen, Landingpage auswählen, Änderungen durchführen, speichern. Aktualisierungen werden unmittelbar wirksam."",""Landingpage aktualisieren, Kampagne, speichern"",how_to_update_landingpage,Haben Sie die Änderungen an Ihrer Landingpage gespeichert?,0.8";
"Landingpages,Ist das Ausfüllen von Impressum und Datenschutz Pflicht?,[],""Ja, Impressum ist gesetzlich vorgeschrieben. Datenschutzangaben müssen unter “Einstellungen” ausgefüllt und mit """"Ändern"""" gespeichert werden, sonst kann die Landingpage nicht bestellt werden."",""Impressum, Datenschutz, Pflicht, Einstellungen, bestellen"",is_imprint_privacy_policy_mandatory,""Haben Sie die Datenschutzangaben unter """"Einstellungen"""" ausgefüllt und gespeichert?"",0.8";
"Landingpages,Was ist ein Header und welche Funktionen hat er?,[],Sichtbarer Bereich oben auf Webseite. Bietet grundlegende Infos. Im Header können Social Media Accounts und externe Webseiten verlinkt werden.,""Header, Funktionen, Webseite, Social Media, Links"",header_functions,Haben Sie die Social Media oder externen Webseiten Links im Header eingerichtet?,0.8";
"Landingpages,Wie verknüpfe/entferne/ordne ich Webseiten/Icons im Header?,[],""Im Editor auf Icons klicken. Im Bearbeitungsmenü: Verknüpfen: Link (inkl. https://) unter “Link” eintragen. “Bezeichnung” zur Orientierung. Entfernen: Mülleimer-Symbol klicken, “Übernehmen”. Anordnen: Pfeil-Symbol klicken, “Übernehmen”."",""Webseiten verknüpfen, Icons entfernen, Header anordnen, Bearbeitungsmenü"",how_to_link_remove_arrange_header_items,Haben Sie die Links und Bezeichnungen korrekt im Bearbeitungsmenü eingetragen und übernommen?,0.8";
"Landingpages,Wie lege ich eine Navigationsleiste im Header an?,[],Platzierte Headline-Elemente werden automatisch aufgenommen (Text nicht). Bezeichnung manuell anpassen. Auf Navigationsleiste klicken zum Bearbeiten.,""Navigationsleiste, Header, Headline-Elemente"",how_to_create_header_navigation,Haben Sie die Headline-Elemente bereits im Header platziert?,0.8";
"Landingpages,Wie hinterlege ich einen externen Link in der Navigationsleiste?,[],""Im Bearbeitungsmenü auf “+” klicken. Bezeichnung bearbeiten, vollständigen Link (inkl. https://) einfügen."",""externer Link, Navigationsleiste, Bearbeitungsmenü"",how_to_add_external_link_in_navigation,""Haben Sie den vollständigen externen Link (inkl. https://) in das Feld """"Link"""" eingetragen?"",0.8";
"Landingpages,Was ist ein Footer und welche Elemente enthält er?,[],""Sichtbarer Bereich unten auf Webseite. Oft Adresse, Standorte, Kontakt, Impressum, Datenschutz. Begrenzte Elementauswahl."",""Footer, Elemente, Webseite, Adresse, Kontakt, Impressum"",footer_functions_elements,Haben Sie die vorgegebenen Elemente wie Impressum und Datenschutz im Footer überprüft?,0.8";
"Landingpages,Wie bearbeite ich die Footer-Navigation?,[],""Im Editor auf Footer-Menüleiste klicken. Weitere Menüpunkte mit externen Links hinterlegen/benennen. “Start”, “Impressum”, “Datenschutz” sind vorgegeben."",""Footer-Navigation, bearbeiten, Menüleiste, externe Links"",how_to_edit_footer_navigation,""Haben Sie die Footer-Menüleiste im Editor gefunden, um weitere Links hinzuzufügen?"",0.8";
"Landingpages,Wie richte ich einen Call To Action (CTA) Button ein?,[],""Nach Platzieren auf Hinweis “Hier klicken...” klicken. Interne Verlinkung: Unter “Verweis auf ein Element” Headline wählen, Button-Text editieren. Externe Verlinkung: Vollständigen Link (https://) unter “Verweis auf einen externen Link” eingeben."",""Call To Action, CTA Button, Verlinkung, Headline, Button-Text"",how_to_set_up_cta_button,Haben Sie die Verlinkung (intern oder extern) und den Button-Text korrekt konfiguriert?,0.8";
"Landingpages,Wie richte ich Bildergalerien ein?,[],""Nach Platzieren auf Hinweis “Noch keine Bilder...” klicken. Bilder aus Mediathek/Computer hochladen. Autoplay: Aktivieren für automatischen Durchlauf. Bildtexteinstellungen: Mindestgröße beachten, Titel, Beschreibung, Copyright bearbeiten. Bildreihenfolge: Vor Upload Anfang/Ende festlegen. Nachträglich nur invertierbar."",""Bildergalerien, Bilder hochladen, Autoplay, Bildtexteinstellungen, Bildreihenfolge"",how_to_set_up_image_galleries,Haben Sie die Bilder aus Ihrer Mediathek oder vom Computer hochgeladen und die Einstellungen für Autoplay und Bildreihenfolge vorgenommen?,0.8";
"Landingpages,Wie richte ich ein Videoelement ein?,[],""Nach Platzieren auf Hinweis “Noch kein Video...” klicken. Anbieter (YouTube etc.) wählen, URL einfügen, “Übernehmen”."",""Videoelement, Anbieter, URL einfügen"",how_to_set_up_video_element,Haben Sie den Videoanbieter ausgewählt und die korrekte URL eingefügt?,0.8";
"Landingpages,Wie funktioniert und richte ich das Kalenderelement ein?,[],""Zeigt Termine, vergangene werden ausgeblendet. Nach Platzieren auf “Keine Termine...” klicken. Im Bearbeitungsmenü auf “Datum”, Datum/Uhrzeit wählen. Beschreibung des Termins eingeben. “+Hinzufügen” klicken. Mit “Übernehmen” speichern."",""Kalenderelement, Termine, Datum, Uhrzeit, Beschreibung"",how_to_set_up_calendar_element,""Haben Sie die Termindetails eingegeben und mit """"+Hinzufügen"""" gespeichert?"",0.8";
"Landingpages,Wie richte ich das Calendly Widget ein?,[],""Verknüpft Calendly-Seite, bindet CTA-Button ein. Nach Platzieren auf “Hier klicken...” klicken. Calendly-Link einfügen, Button-Text editieren, “Übernehmen”."",""Calendly Widget, CTA-Button, Calendly-Link"",how_to_set_up_calendly_widget,Haben Sie den Calendly-Link und den Button-Text korrekt eingegeben und übernommen?,0.8";
"Landingpages,Wie richte ich ein Kontaktformular ein?,[],""Anfragen an E-Mail weitergeleitet. Nach Einklicken auf “Noch keine Formelemente...” klicken. Angaben auswählen. Mit “X” entfernen. Als Pflichtangabe markieren (grünes “*” wird rot). Benutzerdefiniertes Dropdown: Im Dropdown “benutzerdefiniertes Dropdown” wählen. Feld benennen, “Optionen hinzufügen”, Unterpunkte benennen. Benutzerdefiniertes Feld: In Auswahl “benutzerdefiniertes Feld”, dann “Label bearbeiten”. Nur ein Feld möglich. Mit “Übernehmen” speichern."",""Kontaktformular, Anfragen, Pflichtangabe, Dropdown, benutzerdefiniertes Feld"",how_to_set_up_contact_form,""Haben Sie die gewünschten Felder ausgewählt, als Pflichtangaben markiert und die Formulareinstellungen gespeichert?"",0.8";
"Landingpages,Wie binde ich Google Maps ein?,[],""Nach Einfügen auf Element klicken, Adresse eingeben, “Übernehmen”."",""Google Maps einbinden, Adresse"",how_to_embed_google_maps,Haben Sie die Adresse des gewünschten Ortes korrekt eingegeben?,0.8";
"Bestellprozess_Lieferung,Wie bestelle ich ein fertig gestaltetes Werbemittel?,[],""Zwei Optionen: 1. Über Kampagnenübersicht: Klicken Sie auf Ihre Kampagne. In der Übersicht der erstellten Werbemittel unten rechts auf """"In den Warenkorb"""". 2. Aus dem Editor: Klicken Sie im Editor auf den Button """"Bestellen"""". Im Warenkorb den Bestellprozess abschließen. Bitte Werbemittel vorher immer speichern!"",""Werbemittel bestellen, Kampagnenübersicht, Editor, Warenkorb"",how_to_order_finished_material,Haben Sie das Werbemittel vor der Bestellung gespeichert?,0.8";
"Bestellprozess_Lieferung,Was sehe ich im Warenkorb und welche Bestellangaben muss ich machen?,[],""Im Warenkorb Werbemittel sammeln. Produktdetails (Format, Material etc.) und Warnhinweise (unbearbeitete Seiten) einsehen. Printproduktion oder PDF-Download: Auswählen. Produktionszeit: Standard-, Express-, Overnight-Produktion wählen (produktabhängig). Auflage: Gewünschte Auflage wählen (produktabhängig, von Druckerei vorgegeben). Optionale Zusatzoptionen: Webfähige PDF bestellen oder manuelle Datenprüfung beauftragen."",""Warenkorb, Bestellangaben, Produktdetails, Produktionszeit, Auflage"",what_i_see_in_cart_order_details,""Haben Sie die Produktdetails, Produktionszeit und Auflage für Ihre Bestellung ausgewählt?"",0.8";
"Bestellprozess_Lieferung,Was beinhaltet die manuelle Datenprüfung?,[],""Zusätzliche Sicherheitsoption, PDF wird von Grafiker gesichtet. Kontakt bei Korrekturbedarf. Prüfung: Objektive technische Korrektheit (abgeschnitten, überlagert, verzerrt), Subjektiver Eindruck (unter-/überbelichtet, verpixelt, unscharf, Farbstich). Nicht geprüft: Lektorat/Korrektorat (keine inhaltliche/orthografische Prüfung). Hinweis: Im Kommentarfeld Grafiker auf spezifische Wünsche hinweisen."",""manuelle Datenprüfung, Grafiker, technische Korrektheit, subjektiver Eindruck"",what_manual_data_check_includes,""Möchten Sie, dass ein Grafiker Ihre PDF auf technische Korrektheit prüft?"",0.8";
"Bestellprozess_Lieferung,Wie lege ich Rechnungs- und Lieferadresse fest?,[],""Rechnungsadresse: Unter “Kontakt wählen” auswählen. Daten aus Registrierung werden oft automatisch übernommen. Lieferadresse: Falls abweichend, anpassen. Aus Kontaktliste wählen oder neuen Kontakt anlegen (“Kontakt hinzufügen”)."",""Rechnungsadresse, Lieferadresse, Kontakt wählen, Kontakt hinzufügen"",how_to_set_billing_shipping_address,Haben Sie die Rechnungs- und Lieferadressen korrekt angegeben?,0.8";
"Bestellprozess_Lieferung,Wie wähle ich die Zahlungsart?,[],""Zwischen Zahlung per Rechnung (ab 250€), PayPal oder Kreditkarte wählen."",""Zahlungsart wählen, Rechnung, PayPal, Kreditkarte"",how_to_choose_payment_method,""Haben Sie Ihre bevorzugte Zahlungsart (Rechnung, PayPal, Kreditkarte) ausgewählt?"",0.8";
"Bestellprozess_Lieferung,Wie sind die Lieferzeiten und was gilt generell?,[],""Variieren je Werbemittel. Im Bestellprozess bei Auflagenwahl einsehbar. Angegebene Lieferzeit = Arbeitstage (Mo-Fr, keine Feiertage), Richtwerte, können sich verlängern. Standardbestellungen: unverbindlich."",""Lieferzeiten, Arbeitstage, Richtwerte, Standardbestellungen"",delivery_times_general,Haben Sie die Lieferzeiten für das spezifische Werbemittel im Bestellprozess überprüft?,0.8";
"Bestellprozess_Lieferung,Was muss ich bei einer Overnight-Bestellung beachten?,[],Bestellung bis 09:30 Uhr. Mehr Zeit bei manueller Datenprüfung einplanen. Keine Änderungswünsche berücksichtigbar.,""Overnight-Bestellung, Bestellfrist, Datenprüfung, Änderungswünsche"",what_to_consider_for_overnight_orders,Haben Sie Ihre Overnight-Bestellung bis 09:30 Uhr aufgegeben?,0.8";
"Bestellprozess_Lieferung,Was muss ich bei einer Express-Bestellung beachten?,[],Bestellung bis 11:30 Uhr. Mehr Zeit bei manueller Datenprüfung einplanen.,""Express-Bestellung, Bestellfrist, Datenprüfung"",what_to_consider_for_express_orders,Haben Sie Ihre Express-Bestellung bis 11:30 Uhr aufgegeben?,0.8";
"Bestellprozess_Lieferung,Ist eine Lieferung ins Ausland möglich?,[],Standardmäßig kann für CDU-Bestellungen keine Lieferung ins Ausland erfolgen.,""Lieferung Ausland, CDU-Bestellungen"",is_international_delivery_possible,""Können Sie mir die gewünschte Lieferadresse nennen, um zu prüfen, ob eine Auslandslieferung möglich ist?"",0.8";
"Bestellprozess_Lieferung,Wie kann ich den Stand meiner Lieferung verfolgen?,[],""Über Sendungsverfolgungslink per E-Mail. Falls kein Link erhalten, Support kontaktieren (dialog@creacheck.com oder 0631-366-888)."",""Lieferungsstand, verfolgen, Sendungsverfolgungslink, E-Mail, Support"",how_to_track_delivery_status,Haben Sie Ihre E-Mails nach einem Sendungsverfolgungslink durchsucht?,0.8";
"Bestellprozess_Lieferung,In der Druck-Vorschau sind Linien. Was bedeutet das?,[],""Die Linien repräsentieren ein Wasserzeichen, da es eine Vorschau-PDF ist, nicht druckfertig. Sie dient zur Kontrolle von Positionierung, Beschnitt und Textüberläufen."",""Druck-Vorschau, Linien, Wasserzeichen, Vorschau-PDF"",what_do_lines_in_print_preview_mean,Haben Sie die Linien als Wasserzeichen für die Vorschau-PDF erkannt?,0.8";
"Bestellprozess_Lieferung,Wie unterscheidet sich der Bestellprozess für Landingpages?,[],Weitgehend identisch. Statt Auflage wird Wunschdomain angegeben. Verfügbarkeit wird automatisch geprüft.,""Bestellprozess, Landingpages, Wunschdomain, Verfügbarkeit"",how_order_process_differs_for_landingpages,Haben Sie Ihre Wunschdomain für die Landingpage angegeben?,0.8";
"Bestellprozess_Lieferung,Wie funktioniert das mit Domain & Hosting?,[],""Haken bei “Domain Hosting” setzen. Wunschdomain eingeben, “Speichern”, “Verfügbarkeit prüfen”. Frei: grün. Vergeben: rot."",""Domain, Hosting, Wunschdomain, Verfügbarkeit prüfen"",how_domain_hosting_works,Haben Sie die Domain-Verfügbarkeit geprüft?,0.8";
"Bestelluebersicht,Wo kann ich meine bereits getätigten Bestellungen einsehen?,[],""Unter “Bestellungen”. Statusleiste zeigt Fortschritt. Für Details auf “Bearbeiten” klicken dann „Rechnungs-/Versandadresse, Zahlungsart, Artikel, Menge, Betrag“."",""Bestellungen einsehen, Statusleiste, Bearbeiten, Details"",where_to_view_past_orders,""Haben Sie den Bereich """"Bestellungen"""" im Portal gefunden?"",0.8";
"Kosten_Preise,Was kostet die Nutzung von CreaCheck für CDU-Mitglieder?,[],Die Registrierung und Nutzung von CreaCheck ist für sämtliche Mitglieder der CDU kostenfrei und wird von der Landesgeschäftsstelle finanziert. Lediglich bei der Bestellung von Druckprodukten entstehen Kosten. Social Media Inhalte sind vollständig kostenlos. Bei Drucksachen wird der Preis der Druckerei 1:1 ohne Aufschlag durch CreaCheck weiterberechnet.,""Kosten, Nutzung, CDU-Mitglieder, kostenfrei, Druckprodukte, Social Media"",cost_of_creacheck_for_cdu_members,Haben Sie Fragen zu den Kosten für Druckprodukte oder Social Media Inhalte?,0.8";
"Kosten_Preise,Was kostet eine Druck-PDF oder ein Faltblatt oder andere Druck-Produkte für CDU-Nutzer?,[],""Die Preise aller Produkte können im Warenkorb eingesehen werden. Aufgrund der Produktvielfalt ist keine Preisliste vorab verfügbar. Legen Sie das gewünschte Produkt, auch unbearbeitet, in den Warenkorb um Preise für Auflagen, der Versandarten Standard/Express/Overnight und Optionen einzusehen."",""Kosten, Druck-PDF, Faltblatt, Druck-Produkte, Warenkorb, Auflage"",cost_of_print_products,""Haben Sie das gewünschte Produkt in den Warenkorb gelegt, um die Preise einzusehen?"",0.8";
"Kosten_Preise,Was kostet eine Landingpage für CDU-Nutzer?,[],""Die gesamte Landingpage, einschließlich der gewünschten Domain und des Hostings für 12 Monate, beläuft sich auf nur 143,99 € inklusive Mehrwertsteuer. Für eine Verlängerung des Hostings nach diesem Zeitraum fallen zusätzlich monatliche Kosten in Höhe von 7,14 € inklusive MwSt. an. Zusatzinformation: Die Preise können je Landesverband und Angebot variieren."",""Kosten, Landingpage, Domain, Hosting, Mehrwertsteuer"",cost_of_landingpage,Haben Sie Fragen zu den Kosten für die Domain-Verlängerung oder spezifische Landesverbandsangebote?,0.8";
"Kosten_Preise,Was kosten die Social Media Inhalte für CDU-Nutzer?,[],""Alle Inhalte für Social Media, wie beispielsweise Facebook- oder Instagram-Posts, sind vollständig kostenlos. Sie können die erstellten Social Media Inhalte direkt im Editor über die Schaltfläche """"Bild exportieren"""" herunterladen."",""Kosten, Social Media Inhalte, kostenlos, Bild exportieren"",cost_of_social_media_content,""Haben Sie die Option """"Bild exportieren"""" im Editor genutzt, um Ihre Social Media Inhalte herunterzuladen?"",0.8";
"Support_Kontakt,Wie und wann kann ich bei der Hotline von CreaCheck anrufen (CDU-Kontext)?,[],""Um Ihnen die optimalen Preise bieten zu können, steht keine Hotline zur Verfügung. Sie haben jedoch die Möglichkeit, sich jederzeit per E-Mail an dialog@creacheck.com zu wenden und gerne einen Rückruf zu vereinbaren."",""Hotline, Anrufen, E-Mail, Rückruf, Support"",how_when_to_call_hotline,""Möchten Sie eine E-Mail an dialog@creacheck.com senden, um einen Rückruf zu vereinbaren?"",0.8";
"Support_Kontakt,An wen wende ich mich bei Fragen (allgemeiner Kontakt im CDU-Kontext)?,[],""Wenden Sie sich an dialog@creacheck.com oder an den Support unter 0631-366-888. Servicezeiten: 8 Uhr – 17 Uhr Montag bis Freitag, außer an Feiertagen."",""Fragen, allgemeiner Kontakt, Support, E-Mail, Telefonnummer, Servicezeiten"",who_to_contact_for_questions,Haben Sie die E-Mail-Adresse oder Telefonnummer des Supports notiert?,0.8";
"Vergleich_Tools,Was ist der Unterschied zwischen CreaCheck und Canva (für CDU-Anwendungen)?,[],""Hauptunterschiede für CDU-Nutzer: CD-Konformität: CreaCheck ist mit dem CDU-Corporate Design vortrainiert, was Markenkonsistenz garantiert. Canva bietet mehr Freiheit, aber auch mehr Risiko für Abweichungen und konsequänter Qualitat. Spezifische Vorlagen: CreaCheck bietet oft für Wahlkämpfe und CDU-spezifische Anlässe optimierte Vorlagen. Druckanbindung: Direkte Anbindung an Druckpartner mit optimierten Preisen sind ein absoluter Vorteil von CreaCheck."",""Unterschied, CreaCheck, Canva, CDU, Corporate Design, Vorlagen, Druckanbindung"",difference_creacheck_vs_canva,Möchten Sie mehr über die CD-Konformität oder Druckanbindung von CreaCheck erfahren?,0.8";
"Vergleich_Tools,Was ist der Unterschied zwischen CreaCheck und den Adobe-Programmen (für CDU-Anwendungen)?,[],""Hauptunterschiede für CDU-Nutzer: Benutzerfreundlichkeit: CreaCheck ist für Nutzer ohne Design-Vorkenntnisse konzipiert, was im ehrenamtlich geprägten Wahlkampf wichtig ist. Adobe erfordert erweitertes Fachwissen für das Erstellen im Corporate Design. Geschwindigkeit: Mit CreaCheck können schnell CD-konforme Materialien erstellt werden, ohne auf externe Designer oder langwierige Einarbeitung angewiesen zu sein. Kosten: Die Software Nutzung von CreaCheck ist für CDU-Mitglieder kostenfrei. Adobe erfordert sehr kostspielige Lizenzen und zeitintensive, regelmäßige Schulungen."",""Unterschied, CreaCheck, Adobe-Programme, Benutzerfreundlichkeit, Geschwindigkeit, Kosten"",difference_creacheck_vs_adobe,Sind Sie an den Kostenunterschieden oder der Benutzerfreundlichkeit von CreaCheck im Vergleich zu Adobe interessiert?,0.8";
"Vergleich_Tools,Was ist der Unterschied zwischen CreaCheck und CorelDRAW (für CDU-Anwendungen)?,[],""Die Nutzung der CreaCheck Software ist für CDU Mitglieder kostenfrei und stellt eine konsistente Einhaltung des Corporate Design sicher. CorelDRAW benötigt Design und Grafik Fachwissen, das Corporate Design muss immer selbst überprüft und sichergestellt werden, benötigt kostenpflichtige Lizenzen und enthält keinerlei Bestell-, Versand- oder Zahlungsfunktionen."",""Unterschied, CreaCheck, CorelDRAW, kostenfrei, Corporate Design, Fachwissen, Lizenzen"",difference_creacheck_vs_coreldraw,Möchten Sie mehr über die kostenfreie Nutzung von CreaCheck im Vergleich zu kostenpflichtigen Lizenzen für CorelDRAW erfahren?,0.8";
